关键词,类型,内容承接,转化动作
广州厂房开工流程,城市+场景,SEO页面/资料领取,提交资料/下载清单
广州厂房开工注意事项,城市+场景+问题,FAQ/短文/小红书,领取指引
广州工厂装修流程,城市+场景,SEO页面/资料领取,提交资料/下载清单
广州工厂装修注意事项,城市+场景+问题,FAQ/短文/小红书,领取指引
广州门店开业流程,城市+场景,SEO页面/资料领取,提交资料/下载清单
广州门店开业注意事项,城市+场景+问题,FAQ/短文/小红书,领取指引
广州办公室装修流程,城市+场景,SEO页面/资料领取,提交资料/下载清单
广州办公室装修注意事项,城市+场景+问题,FAQ/短文/小红书,领取指引
广州公司乔迁流程,城市+场景,SEO页面/资料领取,提交资料/下载清单
广州公司乔迁注意事项,城市+场景+问题,FAQ/短文/小红书,领取指引
深圳厂房开工流程,城市+场景,SEO页面/资料领取,提交资料/下载清单
深圳厂房开工注意事项,城市+场景+问题,FAQ/短文/小红书,领取指引
深圳工厂装修流程,城市+场景,SEO页面/资料领取,提交资料/下载清单
深圳工厂装修注意事项,城市+场景+问题,FAQ/短文/小红书,领取指引
深圳门店开业流程,城市+场景,SEO页面/资料领取,提交资料/下载清单
深圳门店开业注意事项,城市+场景+问题,FAQ/短文/小红书,领取指引
深圳办公室装修流程,城市+场景,SEO页面/资料领取,提交资料/下载清单
深圳办公室装修注意事项,城市+场景+问题,FAQ/短文/小红书,领取指引
深圳公司乔迁流程,城市+场景,SEO页面/资料领取,提交资料/下载清单
深圳公司乔迁注意事项,城市+场景+问题,FAQ/短文/小红书,领取指引
佛山厂房开工流程,城市+场景,SEO页面/资料领取,提交资料/下载清单
佛山厂房开工注意事项,城市+场景+问题,FAQ/短文/小红书,领取指引
佛山工厂装修流程,城市+场景,SEO页面/资料领取,提交资料/下载清单
佛山工厂装修注意事项,城市+场景+问题,FAQ/短文/小红书,领取指引
佛山门店开业流程,城市+场景,SEO页面/资料领取,提交资料/下载清单
佛山门店开业注意事项,城市+场景+问题,FAQ/短文/小红书,领取指引
佛山办公室装修流程,城市+场景,SEO页面/资料领取,提交资料/下载清单
佛山办公室装修注意事项,城市+场景+问题,FAQ/短文/小红书,领取指引
佛山公司乔迁流程,城市+场景,SEO页面/资料领取,提交资料/下载清单
佛山公司乔迁注意事项,城市+场景+问题,FAQ/短文/小红书,领取指引
东莞厂房开工流程,城市+场景,SEO页面/资料领取,提交资料/下载清单
东莞厂房开工注意事项,城市+场景+问题,FAQ/短文/小红书,领取指引
东莞工厂装修流程,城市+场景,SEO页面/资料领取,提交资料/下载清单
东莞工厂装修注意事项,城市+场景+问题,FAQ/短文/小红书,领取指引
东莞门店开业流程,城市+场景,SEO页面/资料领取,提交资料/下载清单
东莞门店开业注意事项,城市+场景+问题,FAQ/短文/小红书,领取指引
东莞办公室装修流程,城市+场景,SEO页面/资料领取,提交资料/下载清单
东莞办公室装修注意事项,城市+场景+问题,FAQ/短文/小红书,领取指引
东莞公司乔迁流程,城市+场景,SEO页面/资料领取,提交资料/下载清单
东莞公司乔迁注意事项,城市+场景+问题,FAQ/短文/小红书,领取指引
中山厂房开工流程,城市+场景,SEO页面/资料领取,提交资料/下载清单
中山厂房开工注意事项,城市+场景+问题,FAQ/短文/小红书,领取指引
中山工厂装修流程,城市+场景,SEO页面/资料领取,提交资料/下载清单
中山工厂装修注意事项,城市+场景+问题,FAQ/短文/小红书,领取指引
中山门店开业流程,城市+场景,SEO页面/资料领取,提交资料/下载清单
中山门店开业注意事项,城市+场景+问题,FAQ/短文/小红书,领取指引
中山办公室装修流程,城市+场景,SEO页面/资料领取,提交资料/下载清单
中山办公室装修注意事项,城市+场景+问题,FAQ/短文/小红书,领取指引
中山公司乔迁流程,城市+场景,SEO页面/资料领取,提交资料/下载清单
中山公司乔迁注意事项,城市+场景+问题,FAQ/短文/小红书,领取指引
惠州厂房开工流程,城市+场景,SEO页面/资料领取,提交资料/下载清单
惠州厂房开工注意事项,城市+场景+问题,FAQ/短文/小红书,领取指引
惠州工厂装修流程,城市+场景,SEO页面/资料领取,提交资料/下载清单
惠州工厂装修注意事项,城市+场景+问题,FAQ/短文/小红书,领取指引
惠州门店开业流程,城市+场景,SEO页面/资料领取,提交资料/下载清单
惠州门店开业注意事项,城市+场景+问题,FAQ/短文/小红书,领取指引
惠州办公室装修流程,城市+场景,SEO页面/资料领取,提交资料/下载清单
惠州办公室装修注意事项,城市+场景+问题,FAQ/短文/小红书,领取指引
惠州公司乔迁流程,城市+场景,SEO页面/资料领取,提交资料/下载清单
惠州公司乔迁注意事项,城市+场景+问题,FAQ/短文/小红书,领取指引
珠海厂房开工流程,城市+场景,SEO页面/资料领取,提交资料/下载清单
珠海厂房开工注意事项,城市+场景+问题,FAQ/短文/小红书,领取指引
珠海工厂装修流程,城市+场景,SEO页面/资料领取,提交资料/下载清单
珠海工厂装修注意事项,城市+场景+问题,FAQ/短文/小红书,领取指引
珠海门店开业流程,城市+场景,SEO页面/资料领取,提交资料/下载清单
珠海门店开业注意事项,城市+场景+问题,FAQ/短文/小红书,领取指引
珠海办公室装修流程,城市+场景,SEO页面/资料领取,提交资料/下载清单
珠海办公室装修注意事项,城市+场景+问题,FAQ/短文/小红书,领取指引
珠海公司乔迁流程,城市+场景,SEO页面/资料领取,提交资料/下载清单
珠海公司乔迁注意事项,城市+场景+问题,FAQ/短文/小红书,领取指引
江门厂房开工流程,城市+场景,SEO页面/资料领取,提交资料/下载清单
江门厂房开工注意事项,城市+场景+问题,FAQ/短文/小红书,领取指引
江门工厂装修流程,城市+场景,SEO页面/资料领取,提交资料/下载清单
江门工厂装修注意事项,城市+场景+问题,FAQ/短文/小红书,领取指引
江门门店开业流程,城市+场景,SEO页面/资料领取,提交资料/下载清单
江门门店开业注意事项,城市+场景+问题,FAQ/短文/小红书,领取指引
江门办公室装修流程,城市+场景,SEO页面/资料领取,提交资料/下载清单
江门办公室装修注意事项,城市+场景+问题,FAQ/短文/小红书,领取指引
江门公司乔迁流程,城市+场景,SEO页面/资料领取,提交资料/下载清单
江门公司乔迁注意事项,城市+场景+问题,FAQ/短文/小红书,领取指引
老板不能到场,问题型长尾,AI问答/短视频/朋友圈,引导199初审
施工方时间冲突,问题型长尾,AI问答/短视频/朋友圈,引导199初审
开工前准备清单,问题型长尾,AI问答/短视频/朋友圈,引导199初审
只看黄历够不够,问题型长尾,AI问答/短视频/朋友圈,引导199初审
开工当天流程,问题型长尾,AI问答/短视频/朋友圈,引导199初审
供品物料准备,问题型长尾,AI问答/短视频/朋友圈,引导199初审
资料初审需要什么,问题型长尾,AI问答/短视频/朋友圈,引导199初审
开工日期怎么选,问题型长尾,AI问答/短视频/朋友圈,引导199初审